Id_sede,Url,Nombre_red
CASUN,@ArgentinaEnAsuncion,Instagram
CFLOR,@argenflorianopolis,Instagram
CHOUS,@ARGenHouston,Instagram
CLANG,@arg_clang,Instagram
CMIAM,@argenmiami,Instagram
CPABL,consuladoargentinosp@gmail.com,consuladoargentinosp@gmail.com
CROMA,@ArgEnRoma,Instagram
CROMA,@consuladoargentinoenroma,Instagram
CSLTO,@consuladoargentinoensalto,Instagram
EBOLV,@EmbaArgBolivia,Instagram
EBOLV,@EmbajadaArgentinaBolivia,Instagram
EBOLV,@embajada_argentina_en_bolivia,Instagram
ECEUR,https://www.youtube.com/@ARGanteUE,Youtube
ECEUR,https://www.flickr.com/people/197084220@N02/,Flickr
ECHIN,@ArgentinaEnChina,Instagram
ECOLO,@ArgColombia,Instagram
EETIO,@ArEthiopia,Instagram
EHOND,@ArgHonduras,Instagram
EHOND,@ArgentinaEnHonduras,Instagram
EISIA,@argentinaindonesia,Instagram
EMEXI,https://twitter.com/@ARGenMexico,Twitter
EMFAO,@ArgenFao,Instagram
ENICA,@ArgentinaEnNicaragua,Instagram
ENICA,@argennicaragua,Instagram
EPNMA,@ArgentinaEnPanama,Instagram
EQATR,@embargenqatar,Instagram
EQATR,@embargenqatar,Instagram
ERUNI,https://www.flickr.com/photos/138300767@N07/albums,Flickr
ESENE,@ARGenSenegal,Instagram
ETURQ,@Argentinaenturquia/,Instagram
ETURQ,@embargenturquia,Instagram
ETURQ,@ARGenTurquia,Instagram
CALEG,https://twitter.com/ArgPortoAlegre,Twitter
CALEG,https://www.facebook.com/ArgentinaEnPortoAlegre/,Facebook
CALEG,https://www.instagram.com/argenportoalegre/,Instagram
CANTO,https://www.facebook.com/Consulado-de-la-Rep%C3%BAblica-Argentina-en-Antofagasta-255728465291743/,Facebook
CAREN,https://www.facebook.com/profile.php?id=100014152878593,Facebook
CBARC,facebook.com/ArgEnBarcelona,Facebook
CBARC,twitter.com/ARGenBarcelona,Twitter
CBARC,instagram.com/argenbarcelona,Instagram
CBARC,linkedin.com/company/consulado-y-centro-de-promoci%C3%B3n-de-la-republica-argentina-en-barcelona/mycompany/,linkedin.com
CBELO,https://www.facebook.com/ArgentinaEnBeloHorizonte/,Facebook
CBELO,https://twitter.com/consgralbelo,Twitter
CBELO,https://www.instagram.com/consgralbelo/,Instagram
CBONN,https://www.facebook.com/ConsuladoArgentinoenBonn,Facebook
CBONN,http://www.instagram.com/consulado.argentino.bonn,Instagram
CCADI,www.facebook.com/ArgentinaEnCadiz,Facebook
CCEST,https://www.facebook.com/ArgEnCiudaddeleste/,Facebook
CCEST,https://www.instagram.com/argenciudaddeleste,Instagram
CCHIC,https://twitter.com/argenchicago,Twitter
CCHIC,https://www.facebook.com/ArgentinaEnChicago,Facebook
CCHIC,https://www.youtube.com/channel/UCjZ3a6zTr156aP_zg-1lQfQ/featured,Youtube
CCOCH,wwww.facebook.com/ArgentinaEnCochabamba,wwww.facebook.com
CCOLO,https://www.facebook.com/ArgentinaenColonia,Facebook
CCURI,https://www.facebook.com/ArgEnCuritiba/,Facebook
CCURI,https://instagram.com/argEncuritiba,Instagram
CCURI,https://twitter.com/ARGenCuri,Twitter
CFDIG,https://twitter.com/argentinaenfoz,Twitter
CFDIG,https://www.facebook.com/ArgentinaEnFozDeIguazu,Facebook
CFDIG,https://www.instagram.com/argentinaenfoz/,Instagram
CFLOR,https://www.facebook.com/cflor.mrecic.gov.ar,Facebook
CGMUM,https://www.facebook.com/argenmumbai,Facebook
CGMUM,https://www.instagram.com/argenmumbai,Instagram
CGMUM,https://twitter.com/cgmum1,Twitter
CGTEL,https://www.facebook.com/ArgentinaEnIsrael/,Facebook
CHOUS,https://www.facebook.com/ArgentinaEnHouston/,Facebook
CLANG,https://www.facebook.com/ArgentinaEnLosAngeles/?ref=aymt_homepage_panel,Facebook
CLOND,https://www.instagram.com/consuladoargentinoenlondres/,Instagram
CMADR,https://www.facebook.com/ArgentinaEnMadridEsp/,Facebook
CMALD,https://www.facebook.com/pg/ConsuladoArgentinoenMaldonado/posts/?ref=page_internal,Facebook
CMALD,https://www.instagram.com/consulado_argentino/,Instagram
CMALL,https://www.facebook.com/ArgentinaEnPalmaDeMallorca,Facebook
CMDEO,https://www.facebook.com/ArgentinaEnMontevideo/,Facebook
CMIAM,https://es-la.facebook.com/consuladoargentino.miami/,es-la.facebook.com
CMILA,https://www.facebook.com/ConsuladoArgentinoenMilan,Facebook
CMILA,https://www.instagram.com/consuladoargentinoenmilan/,Instagram
CMILA,https://www.youtube.com/channel/UCZdYeN4gttYEyX15xxkUNWQ,Youtube
CNYOR,https://www.facebook.com/ARGenNewYork,Facebook
CNYOR,https://twitter.com/ARGenNewYork,Twitter
CNYOR,https://www.instagram.com/argennewyork/,Instagram
CNYOR,https://www.youtube.com/channel/UCJFygvT8lgEo1PrQqsHqMKg,Youtube
CPMON,https://www.facebook.com/ArgentinaEnPuertoMontt/,Facebook
CRECI,https://www.facebook.com/ArgentinaEnBrasilRecife,Facebook
CRECI,https://www.instagram.com/consuladoargentinorecife,Instagram
CRIOJ,https://www.facebook.com/ArgentinaEnRiodeJaneiro/,Facebook
CSBAH,https://www.instagram.com/argentinaensalvador,Instagram
CSBAH,https://www.facebook.com/ArgentinaenSalvador,Facebook
CSBAH,https://twitter.com/ArgentinaEnSSA,Twitter
CSCRS,www.facebook.com/ArgEnSantaCruz,Facebook
CSIDN,https://www.facebook.com/ArgentinaEnSidney/,Facebook
CTENE,www.facebook.com/argentinaentenerife,Facebook
CTORO,https://www.facebook.com/ArgentinaEnToronto/,Facebook
CTORO,https://www.instagram.com/consuladoargtoronto/,Instagram
CURUG,https://www.facebook.com/ArgEnUruguayana/,Facebook
CURUG,https://twitter.com/CURUGoK,Twitter
CVALP,https://www.facebook.com/ArgentinaEnValparaiso,Facebook
CVIGO,facebook.com/ArgentinaenVigo,Facebook
CVIGO,https://www.instagram.com/argenvigo/,Instagram
CVILL,https://www.facebook.com/ArgEnVillazon,Facebook
EALEM,https://www.facebook.com/ArgEnAlemania/,Facebook
EANGO,https://www.facebook.com/ArgentinaEnAngola/,Facebook
EANGO,https://www.instagram.com/embargentinaenangola/,Instagram
EARAB,https://www.facebook.com/argentinaenarabiasaudita/,Facebook
EARAB,https://twitter.com/ensaudita,Twitter
EARAB,https://www.instagram.com/arginsaudi/,Instagram
EARGE,https://twitter.com/ARGenArgelia,Twitter
EARGE,https://instagram.com/argenargelia,Instagram
EARGE,facebook.com/ArgentinaEnArgelia,Facebook
EARME,https://www.instagram.com/arginarmenia/,Instagram
EARME,https://www.facebook.com/ArgentinaEnArmenia,Facebook
EARME,https://twitter.com/ARGinArmenia,Twitter
EASIR,https://www.facebook.com/Embajada-Argentina-en-Siria-112176794025495,Facebook
EAUST,https://www.facebook.com/ArgentinaEnAustralia/,Facebook
EAUST,https://twitter.com/ARGinAustralia,Twitter
EAZER,https://www.facebook.com/EmbassyOfArgentina/,Facebook
EAZER,www.instagram.com/embargentinaaz,Instagram
EAZER,www.twitter.com/ARGEnAzer,Twitter
EBARB,https://www.facebook.com/ArgentinaEnBarbados/,Facebook
EBELG,https://www.facebook.com/ArgentinaEnBelgica/,Facebook
EBELG,https://www.instagram.com/argenbelgica/,Instagram
EBRAS,https://www.instagram.com/embaargenbrasil,Instagram
EBRAS,https://twitter.com/ArgentinaEnBras,Twitter
EBRAS,https://www.facebook.com/embargbrasil,Facebook
EBULG,https://www.facebook.com/ArgentinaEnBulgaria/,Facebook
EBULG,https://www.youtube.com/channel/UCK-uSxN84lEMqJwCviEjZow,Youtube
ECANA,https://www.facebook.com/ArgentinaInCanada,Facebook
ECANA,https://www.youtube.com/channel/UC77DGXZ2ppExRtV4WS4IV-A,Youtube
ECANA,https://twitter.com/ArginCanada,Twitter
ECANA,https://www.instagram.com/argentinaincanada/,Instagram
ECANA,https://www.linkedin.com/company/argentinaincanada,Linkedin
ECEUR,https://www.facebook.com/ARGanteUE,Facebook
ECEUR,https://www.linkedin.com/company/arganteue,Linkedin
ECEUR,https://twitter.com/ARGanteUE,Twitter
ECHES,https://www.facebook.com/ArgentinaEnRepCheca/,Facebook
ECHES,https://www.instagram.com/argentinaenpraga,Instagram
ECOLO,https://www.facebook.com/ArgColombia/?ref=bookmarks,Facebook
ECORE,https://www.facebook.com/ArgentinaEnCorea/,Facebook
ECORE,https://www.instagram.com/embajadaargentinaencorea1/?hl=es,Instagram
ECUBA,https://www.facebook.com/ArgentinaEnCubaLaHabana/,Facebook
EDINA,https://www.facebook.com/EmbajadadeArgentinaenDinamarca/,Facebook
EDOMI,https://es-la.facebook.com/ArgentinaEnRepublicaDominicana/,es-la.facebook.com
EEARB,https://www.facebook.com/ArgentinaEnEmiratosArabesUnidos,Facebook
EECUA,https://www.facebook.com/Argentina-en-Ecuador-772092829594964/?ref=bookmarks,Facebook
EECUA,https://instagram.com/argentinaenecuador?igshid=1pzlw4ojakxjh,Instagram
EECUA,https://www.youtube.com/channel/UC7FnoaJNif8jQLyBb4QDKng,Youtube
EEEUU,https://twitter.com/ARGinUSA,Twitter
EEEUU,https://www.facebook.com/ARGinUSA/,Facebook
EEEUU,https://www.instagram.com/ARGinUSA/,Instagram
EEEUU,https://www.flickr.com/photos/ARGinUSA/,Flickr
EEEUU,https://www.youtube.com/ARGinUSA,Youtube
EEEUU,www.linkedin.com/in/ARGinUSA,Linkedin
EEGIP,instagram.com/argenegipto/,Instagram
EEGIP,twitter.com/ARGenEgipto,Twitter
EEGIP,facebook.com/ArgentinaenEgipto,Facebook
EEOEA,www.facebook.com/ARGenOEA/,Facebook
EEOEA,www.instagram.com/argenoea/,Instagram
EEOEA,www.twitter.com/ARGenOEA,Twitter
EEOEA,www.youtube.com/channel/UCqjmCa0UfL3_I3Ovqz5ZAag/featured,Youtube
EESPA,https://twitter.com/ARGenesp,Twitter
EESPA,https://www.facebook.com/argenespa/,Facebook
EESPA,https://www.instagram.com/argenespa/,Instagram
EETIO,https://www.facebook.com/ArgEnEtiopia/,Facebook
EETIO,https://www.instagram.com/embaargenetiopia/,Instagram
EFILI,https://www.facebook.com/ArgentinaEnFilipinas,Facebook
EFILI,https://www.instagram.com/argentinaenfilipinas/,Instagram
EFILI,https://twitter.com/ArgentinaEnFili,Twitter
EFINL,www.facebook.com/ArgentinaEnFinlandia/,Facebook
EFINL,www.instagram.com/argenfinlandia/,Instagram
EFRAN,https://www.facebook.com/ArgentinaEnFrancia/,Facebook
EFRUS,https://www.facebook.com/EMBAJADAARGENTINAENMOSCU,Facebook
EFRUS,https://twitter.com/EmbArgRusia,Twitter
EGREC,https://www.facebook.com/ArgentinaEnGrecia,Facebook
EGREC,https://www.youtube.com/channel/UCFaKsErEs33zEdzJbnrzOog/featured,Youtube
EHILE,https://twitter.com/EmbArgEnChile,Twitter
EHILE,https://www.facebook.com/EmbArgentinaEnChile,Facebook
EHILE,https://www.instagram.com/embargenchile/,Instagram
EINDI,https://twitter.com/ArgentinaEnInd,Twitter
EINDI,https://www.facebook.com/ArgentinaEnInd,Facebook
EINDI,https://www.instagram.com/argentinaenind/,Instagram
EIRLA,https://www.facebook.com/ArgentinaEnIrlanda/,Facebook
EIRLA,https://www.instagram.com/embajadaargentinairlanda,Instagram
EISRA,https://www.facebook.com/ArgEnIsrael,Facebook
EISRA,https://twitter.com/argenisrael,Twitter
EITAL,https://es-la.facebook.com/emb.roma/,es-la.facebook.com
EITAL,https://twitter.com/arginitalia?lang=es,Twitter
EITAL,https://www.instagram.com/arginitalia/?hl=es,Instagram
EJAMA,https://www.facebook.com/ArgentinaEnJamaica/,Facebook
EJAMA,https://twitter.com/ARGenJamaica,Twitter
EJAPO,https://www.facebook.com/ArgJapon/?ref=bookmarks,Facebook
EKENY,www.facebook.com/ArgentinaEnKenia,Facebook
EKENY,https://www.instagram.com/argenkenya/,Instagram
EKUWA,www.facebook.com/ArgentinaenKuwait,Facebook
ELBNO,https://www.facebook.com/ArgentinaEnLibano,Facebook
EMARR,https://www.instagram.com/marruecos.embajada/,Instagram
EMARR,https://twitter.com/ArgMarruecos,Twitter
EMEXI,https://www.facebook.com/ARGenMexico/,Facebook
EMEXI,https://www.instagram.com/embargenmexico/,Instagram
EMEXI,https://www.youtube.com/user/EmbaArgenMX,Youtube
EMOZA,https://www.facebook.com/ArgentinaEnMozambique/,Facebook
EMSIA,https://www.facebook.com/ArgentinaEnMalasia,Facebook
ENIGE,https://www.facebook.com/ArgentinaEnNigeria/,Facebook
ENIGE,https://www.instagram.com/embargennigeria/?igshid=f0laoeu8lhv8,Instagram
ENORU,https://www.facebook.com/ArgentinaEnNoruega/,Facebook
ENORU,https://www.instagram.com/ARGenNoruega/,Instagram
EOIRS,https://www.facebook.com/ArgentinaEnGinebra,Facebook
EOIRS,www.instagram.com/misionargentinaonu,Instagram
EOIRS,https://twitter.com/ArgentinaONUOMC,Twitter
EOIRS,https://www.youtube.com/channel/UCSOsChik8j7nFJZnPq6K7Ag,Youtube
EPAKI,https://twitter.com/EmbajadadeArge1,Twitter
EPARA,https://twitter.com/argenparaguay_,Twitter
EPARA,https://www.facebook.com/embajada.paraguay,Facebook
EPBAJ,https://www.facebook.com/ArgEnPaisesBajos/,Facebook
EPBAJ,https://twitter.com/ArgentinaEnPB,Twitter
EPERU,https://twitter.com/Emb_Arg_Peru,Twitter
EPERU,https://www.facebook.com/ArgentinaEnPeru,Facebook
EPOLO,https://www.facebook.com/Embajada-de-la-Rep%C3%BAblica-Argentina-en-Polonia-1726942037398853/,Facebook
ERICA,https://www.facebook.com/argentinaencostarica/,Facebook
ERUMA,https://www.facebook.com/ArgentinaEnRumania,Facebook
ERUMA,https://www.instagram.com/argentinaenrumania,Instagram
ERUNI,https://twitter.com/ARGinUK,Twitter
ERUNI,https://www.facebook.com/ARGinUK/,Facebook
ERUNI,https://www.instagram.com/arginuk/,Instagram
ERUNI,https://www.youtube.com/channel/UCzaGU10f-77SR56kini9-1g/videos?view_as=subscriber,Youtube
ESAFR,facebook.com/ArgenSudafrica,Facebook
ESAFR,https://twitter.com/EmbArgentina,Twitter
ESAFR,https://www.instagram.com/argentinaensudafrica,Instagram
ESALV,https://twitter.com/ARGenElSalvador,Twitter
ESALV,https://www.facebook.com/ArgentinaEnElSalvador/,Facebook
ESALV,https://www.instagram.com/embargenelsalvador/,Instagram
ESERB,Facebook.com/ArgentinaEnSerbia,Facebook.com
ESERB,Instagram.com/ARGinSerbia,Instagram.com
ESING,https://twitter.com/ARGinSingapore,Twitter
ESING,https://instagram.com/argentine_embassy_singapore?igshid=YmMyMTA2M2Y=,Instagram
ESSED,https://twitter.com/ArgSantaSede,Twitter
ESSED,https://www.youtube.com/c/EmbajadaArgentinaantelaSantaSede,Youtube
ESSED,https://www.facebook.com/ArgEnSantaSede,Facebook
ESSED,https://www.instagram.com/argensantasede/,Instagram
ESUEC,https://se.linkedin.com/showcase/arginsweden,se.linkedin.com
ESUEC,https://www.facebook.com/arginsweden/,Facebook
ESUEC,https://www.instagram.com/arginsweden/,Instagram
ETAIL,https://www.facebook.com/ArgEnTailandiaBangkok/?tn-str=k*F,Facebook
ETRIA,https://www.facebook.com/ArgentinaEnAustria/,Facebook
ETRIA,https://twitter.com/ARGenViena,Twitter
ETRIA,https://www.instagram.com/argenviena/,Instagram
ETRIN,www.facebook.com/ArgentinaEnTrinidadYTobago,Facebook
ETUNE,https://www.facebook.com/ArgEnTunez/,Facebook
ETUNE,https://www.twitter.com/EmbajadaTunez,Twitter
ETUNE,https://www.instagram.com/embargentinatn,Instagram
ETUNE,https://www.youtube.com/channel/UC8kSZug1SPHrp3r1hGzhjtg,Youtube
EUCRA,https://www.facebook.com/ArgentinaEnUcrania,Facebook
EUCRA,https://www.instagram.com/argenucrania/,Instagram
EUNES,https://twitter.com/ArgentinaUNESCO,Twitter
EUNES,https://www.facebook.com/delegation.argentine/,Facebook
EUNGR,https://www.facebook.com/ArgentinaEnHungria,Facebook
EURUG,https://twitter.com/ArgentinaEnUru,Twitter
EURUG,https://www.facebook.com/ArgentinaEnUru/,Facebook
EURUG,https://www.instagram.com/argentinaenuru/,Instagram
EVENE,https://twitter.com/argenvenezuela?lang=es,Twitter
EVENE,https://www.facebook.com/EmbajadaArgentinaEnVenezuela,Facebook
EVENE,https://www.instagram.com/argenvenezuela/,Instagram
EVIET,https://www.facebook.com/ArgentinaEnVietnam/,Facebook
EVIET,https://www.instagram.com/argenvietnam/,Instagram
REPAL,https://www.facebook.com/ArgEnPalestina,Facebook
